Student ID,Name,Class,Section,Active
S001,Rahul Sharma,7,A,TRUE
S002,Priya Patel,7,A,TRUE
S003,Aman Verma,7,A,TRUE
S004,Rohan Gupta,7,B,TRUE
S005,Ananya Sen,7,A,TRUE
S006,Kavita Nair,7,B,TRUE
S007,Sneha Rao,7,A,TRUE
S008,Aditya Joshi,7,B,TRUE
S009,Vikram Malhotra,7,A,TRUE
S010,Diya Agarwal,7,B,TRUE
S011,Kabir Khan,7,A,TRUE
S012,Neha Reddy,7,B,TRUE
S013,Arjun Mehra,7,A,TRUE
S014,Tanvi Bhat,7,B,TRUE
S015,Ishaan Roy,7,A,TRUE
S016,Riya Kapoor,7,B,TRUE
S017,Sameer Deshmukh,7,A,TRUE
S018,Zoya Siddiqui,7,B,TRUE
S019,Devansh Saxena,7,A,TRUE
S020,Pooja Hegde,8,A,TRUE
S021,Manish Kulkarni,8,A,TRUE
S022,Meera Nambiar,8,A,TRUE